mean,Level,Group,Index,Position
8.1666666667,0,0,1,1
26.333333333,1,0,1,2
21.166666667,0,1,2,1
35.333333333,1,1,2,2
